,start,duration,confidence,loudness_start,loudness_max_time,loudness_max,new_bar,new_beat,new_sect,key_confidence,mode,mode_confidence,pitch_0,pitch_1,pitch_2,pitch_3,pitch_4,pitch_5,pitch_6,pitch_7,pitch_8,pitch_9,pitch_10,pitch_11,timbre_0,timbre_1,timbre_2,timbre_3,timbre_4,timbre_5,timbre_6,timbre_7,timbre_8,timbre_9,timbre_10,timbre_11,key0,key1,key2,key3,key4,key5,key6,key7,key8,key9,key10,key11
0,116.08686803109264,0.28867152709382404,0.556639852080865,-18.39366292240571,0.06010071781200633,-10.479028792394846,0.14358245704976302,0.009952298084518167,0.010586369470774092,0.4113212690067142,0.733821151757504,0.4714484566301343,0.4229517889761058,0.4154766674071881,0.36208619513971174,0.29430415062203796,0.3591419471391192,0.3174190162791272,0.3265649360066153,0.35464791296406006,0.31625806088319514,0.3553491264933847,0.29177153991409954,0.3375686802675751,45.865998699459425,41.309971553181775,10.079322208543147,-3.1336206756640017,16.90300660606734,-19.43108937166765,-3.196559320386553,0.23208235368532795,-6.541113847440262,0.3689774140995262,-9.385217434031894,0.4902257386700237,0.14337264267377567,0.0753511305292259,0.13357770537124802,0.03377240077014218,0.08843058846761453,0.07871124605055292,0.04602648597946288,0.11804835604265403,0.042649400177725116,0.11491656793048974,0.05328976599526066,0.07185371001184834
