,start,duration,confidence,loudness_start,loudness_max_time,loudness_max,new_bar,new_beat,new_sect,key_confidence,mode,mode_confidence,pitch_0,pitch_1,pitch_2,pitch_3,pitch_4,pitch_5,pitch_6,pitch_7,pitch_8,pitch_9,pitch_10,pitch_11,timbre_0,timbre_1,timbre_2,timbre_3,timbre_4,timbre_5,timbre_6,timbre_7,timbre_8,timbre_9,timbre_10,timbre_11,key0,key1,key2,key3,key4,key5,key6,key7,key8,key9,key10,key11
0,81.70477811091541,1.6389722645553315,0.2968562490707535,8.416140312900636,0.054475860907322385,7.175632119817558,0.35066584532474215,0.09926353735060556,0.10234401913254312,0.29701618956378906,0.44481554495126263,0.21085866014625532,0.3246999868153921,0.3174588361608745,0.3058859531573371,0.25880497676894093,0.30305544369335663,0.28181914511632716,0.27885299025448157,0.3060768898967126,0.2759276867812316,0.3111601189038196,0.27060332596620823,0.2956362460310169,7.3296836418269775,58.38960256747664,47.97161621395936,40.263571226651834,29.314903877537926,29.05919700161308,25.58078568753464,21.002811555115407,17.133291574360523,16.289616542740127,16.677166135345526,15.262217273543136,0.35045246183543,0.26395707540657715,0.34019803350254696,0.18064281252339678,0.2839200934961912,0.26928755224800527,0.2095424743765454,0.3226653710553408,0.20206540733684572,0.31892122906066767,0.22461070062539548,0.2582455311702055
